{"cameraMode":{"drawMode":0,"name":"Shaded","section":"Shading Mode"},"sceneLighting":true,"audioPlay":false,"sceneViewState":{"showFog":true,"showMaterialUpdate":false,"showSkybox":true,"showFlares":true,"showImageEffects":true,"showParticleSystems":true},"in2DMode":false,"pivot":{"x":0.050387755036354068,"y":0.5,"z":-2.3025097846984865},"rotation":{"x":0.14615797996520997,"y":0.15365777909755708,"z":-0.022987592965364457,"w":0.9769849181175232},"size":0.8660253882408142,"orthographic":false}