{"cameraMode":{"drawMode":0,"name":"Shaded","section":"Shading Mode"},"sceneLighting":false,"audioPlay":false,"sceneViewState":{"showFog":true,"showMaterialUpdate":false,"showSkybox":false,"showFlares":true,"showImageEffects":true,"showParticleSystems":true},"in2DMode":false,"pivot":{"x":1.1970000267028809,"y":3.3032798767089845,"z":-1.2420001029968262},"rotation":{"x":0.14313152432441712,"y":0.07119334489107132,"z":-0.01032310351729393,"w":0.9870864748954773},"size":1.7320507764816285,"orthographic":false}